<configuration>
    <appender name="STDOUT" class="ch.qos.logback.core.ConsoleAppender">
        <encoder>
            <pattern>%d{HH:mm:ss.SSS} [%thread] %-5level %logger{36} - %msg%n</pattern>
        </encoder>
    </appender>
    <!-- 新增文件输出的appender -->
    <appender name="FILE" class="ch.qos.logback.core.FileAppender">
        <file>./app.log</file>
        <encoder>
            <pattern>%d{HH:mm:ss.SSS} [%thread] %-5level %logger{36} - %msg%n</pattern>
            <immediateFlush>true</immediateFlush>
            <flush>true</flush>
        </encoder>
        <immediateFlush>true</immediateFlush>
        <flush>true</flush>

    </appender>

    <root level="debug">
        <appender-ref ref="STDOUT" />
    </root>
</configuration>
